-- phpMyAdmin SQL Dump
-- version 5.0.1
-- https://www.phpmyadmin.net/
--
-- Host: 127.0.0.1
-- Generation Time: Feb 07, 2023 at 07:19 AM
-- Server version: 10.4.11-MariaDB
-- PHP Version: 7.4.2

SET SQL_MODE = "NO_AUTO_VALUE_ON_ZERO";
SET AUTOCOMMIT = 0;
START TRANSACTION;
SET time_zone = "+00:00";


/*!40101 SET @OLD_CHARACTER_SET_CLIENT=@@CHARACTER_SET_CLIENT */;
/*!40101 SET @OLD_CHARACTER_SET_RESULTS=@@CHARACTER_SET_RESULTS */;
/*!40101 SET @OLD_COLLATION_CONNECTION=@@COLLATION_CONNECTION */;
/*!40101 SET NAMES utf8mb4 */;

--
-- Database: `sistem_lelang`
--

-- --------------------------------------------------------

--
-- Table structure for table `history_lelang`
--

CREATE TABLE `history_lelang` (
  `id_history` int(11) NOT NULL,
  `id_lelang` int(11) NOT NULL,
  `id_barang` int(11) NOT NULL,
  `id_user` int(11) NOT NULL,
  `penawaran_harga` int(20) NOT NULL
) ENGINE=InnoDB DEFAULT CHARSET=utf8mb4;

--
-- Dumping data for table `history_lelang`
--

INSERT INTO `history_lelang` (`id_history`, `id_lelang`, `id_barang`, `id_user`, `penawaran_harga`) VALUES
(2, 2, 2, 2, 20000000),
(5, 1, 2, 1, 10000000),
(7, 2, 5, 1, 10000000);

-- --------------------------------------------------------

--
-- Table structure for table `tb_barang`
--

CREATE TABLE `tb_barang` (
  `id_barang` int(11) NOT NULL,
  `nama_barang` varchar(25) NOT NULL,
  `tgl` date NOT NULL,
  `harga_awal` int(20) NOT NULL,
  `deskripsi_barang` varchar(100) NOT NULL
) ENGINE=InnoDB DEFAULT CHARSET=utf8mb4;

--
-- Dumping data for table `tb_barang`
--

INSERT INTO `tb_barang` (`id_barang`, `nama_barang`, `tgl`, `harga_awal`, `deskripsi_barang`) VALUES
(2, 'Blender Antik', '1990-07-12', 5000000, 'Kondisi Normal Sering Dipakai'),
(5, 'Kulkas 2 Pintu', '2023-02-01', 2000000, 'Kondisi mulus');

-- --------------------------------------------------------

--
-- Table structure for table `tb_lelang`
--

CREATE TABLE `tb_lelang` (
  `id_lelang` int(11) NOT NULL,
  `id_barang` int(11) NOT NULL,
  `tgl_lelang` date NOT NULL,
  `harga_akhir` int(20) NOT NULL,
  `id_user` int(11) NOT NULL,
  `id_petugas` int(11) NOT NULL,
  `status` enum('dibuka','ditutup') NOT NULL
) ENGINE=InnoDB DEFAULT CHARSET=utf8mb4;

--
-- Dumping data for table `tb_lelang`
--

INSERT INTO `tb_lelang` (`id_lelang`, `id_barang`, `tgl_lelang`, `harga_akhir`, `id_user`, `id_petugas`, `status`) VALUES
(1, 2, '2023-02-02', 0, 0, 2, 'dibuka'),
(2, 5, '2023-02-02', 20000000, 2, 2, 'ditutup');

-- --------------------------------------------------------

--
-- Table structure for table `tb_level`
--

CREATE TABLE `tb_level` (
  `id_level` int(11) NOT NULL,
  `level` enum('administrator','petugas') NOT NULL
) ENGINE=InnoDB DEFAULT CHARSET=utf8mb4;

--
-- Dumping data for table `tb_level`
--

INSERT INTO `tb_level` (`id_level`, `level`) VALUES
(1, 'administrator'),
(2, 'petugas');

-- --------------------------------------------------------

--
-- Table structure for table `tb_masyarakat`
--

CREATE TABLE `tb_masyarakat` (
  `id_user` int(11) NOT NULL,
  `nama_lengkap` varchar(25) NOT NULL,
  `username` varchar(25) NOT NULL,
  `password` varchar(25) NOT NULL,
  `telp` varchar(25) NOT NULL
) ENGINE=InnoDB DEFAULT CHARSET=utf8mb4;

--
-- Dumping data for table `tb_masyarakat`
--

INSERT INTO `tb_masyarakat` (`id_user`, `nama_lengkap`, `username`, `password`, `telp`) VALUES
(1, 'Suteja', 'pengguna1', 'pengguna1', '089999999999'),
(2, 'Selamet', 'pengguna2', 'pengguna2', '089888888888'),
(3, 'siapaya', 'siapaya', 'siapaya', '089888888888');

-- --------------------------------------------------------

--
-- Table structure for table `tb_petugas`
--

CREATE TABLE `tb_petugas` (
  `id_petugas` int(11) NOT NULL,
  `nama_petugas` varchar(25) NOT NULL,
  `username` varchar(25) NOT NULL,
  `password` varchar(25) NOT NULL,
  `id_level` int(11) NOT NULL
) ENGINE=InnoDB DEFAULT CHARSET=utf8mb4;

--
-- Dumping data for table `tb_petugas`
--

INSERT INTO `tb_petugas` (`id_petugas`, `nama_petugas`, `username`, `password`, `id_level`) VALUES
(1, 'Administrator', 'admin', 'admin', 1),
(2, 'Petugas', 'petugas', 'petugas', 2),
(3, 'Petugas 1', 'petugas1', 'petugas1', 2);

--
-- Indexes for dumped tables
--

--
-- Indexes for table `history_lelang`
--
ALTER TABLE `history_lelang`
  ADD PRIMARY KEY (`id_history`);

--
-- Indexes for table `tb_barang`
--
ALTER TABLE `tb_barang`
  ADD PRIMARY KEY (`id_barang`);

--
-- Indexes for table `tb_lelang`
--
ALTER TABLE `tb_lelang`
  ADD PRIMARY KEY (`id_lelang`);

--
-- Indexes for table `tb_level`
--
ALTER TABLE `tb_level`
  ADD PRIMARY KEY (`id_level`);

--
-- Indexes for table `tb_masyarakat`
--
ALTER TABLE `tb_masyarakat`
  ADD PRIMARY KEY (`id_user`);

--
-- Indexes for table `tb_petugas`
--
ALTER TABLE `tb_petugas`
  ADD PRIMARY KEY (`id_petugas`);

--
-- AUTO_INCREMENT for dumped tables
--

--
-- AUTO_INCREMENT for table `history_lelang`
--
ALTER TABLE `history_lelang`
  MODIFY `id_history` int(11) NOT NULL AUTO_INCREMENT, AUTO_INCREMENT=8;

--
-- AUTO_INCREMENT for table `tb_barang`
--
ALTER TABLE `tb_barang`
  MODIFY `id_barang` int(11) NOT NULL AUTO_INCREMENT, AUTO_INCREMENT=6;

--
-- AUTO_INCREMENT for table `tb_lelang`
--
ALTER TABLE `tb_lelang`
  MODIFY `id_lelang` int(11) NOT NULL AUTO_INCREMENT, AUTO_INCREMENT=3;

--
-- AUTO_INCREMENT for table `tb_level`
--
ALTER TABLE `tb_level`
  MODIFY `id_level` int(11) NOT NULL AUTO_INCREMENT, AUTO_INCREMENT=3;

--
-- AUTO_INCREMENT for table `tb_masyarakat`
--
ALTER TABLE `tb_masyarakat`
  MODIFY `id_user` int(11) NOT NULL AUTO_INCREMENT, AUTO_INCREMENT=4;

--
-- AUTO_INCREMENT for table `tb_petugas`
--
ALTER TABLE `tb_petugas`
  MODIFY `id_petugas` int(11) NOT NULL AUTO_INCREMENT, AUTO_INCREMENT=5;
COMMIT;

/*!40101 SET CHARACTER_SET_CLIENT=@OLD_CHARACTER_SET_CLIENT */;
/*!40101 SET CHARACTER_SET_RESULTS=@OLD_CHARACTER_SET_RESULTS */;
/*!40101 SET COLLATION_CONNECTION=@OLD_COLLATION_CONNECTION */;
